barcode,medicine_id
8680008010564,MED711
8680008090009,MED1112
8680080000316,MED678
8680080000354,MED678
8680080000545,MED405
8680131751570,MED892
8680131752348,MED892
8680131752416,MED892
8680131757022,MED892
8680131757039,MED892
8680131757046,MED892
8680131757268,MED606
8680131757336,MED892
8680131757442,MED892
8680131758296,MED892
8680133003080,MED862
8680133003134,MED486
8680133003141,MED862
8680133003356,MED888
8680133003363,MED888
8680133003370,MED888
8680133003387,MED888
8680150010030,MED922
8680150090025,MED410
8680150090193,MED468
8680150090209,MED401
8680150090247,MED401
8680150150026,MED914
8680150240055,MED935
8680150240062,MED931
8680150240079,MED931
8680150570039,MED914
8680150570046,MED914
8680150570060,MED588
8680150570138,MED345
8680150570169,MED875
8680150570268,MED170
8680150650120,MED956
8680150700030,MED410
8680150700061,MED346
8680150700078,MED409
8680184520208,MED649
8680184520215,MED649
8680184790106,MED806
8680184790144,MED790
8680186490264,MED890
8680186490318,MED1110
8680186490387,MED970
8680186490486,MED890
8680186490769,MED879
8680186490868,MED912
8680199001877,MED804
8680199007428,MED869
8680199007862,MED1103
8680199007879,MED1103
8680199008753,MED951
8680199011845,MED268
8680199013092,MED490
8680199013498,MED656
8680199019445,MED560
8680199021073,MED569
8680199021615,MED884
8680199027235,MED610
8680199090024,MED1113
8680199090772,MED651
8680199090987,MED651
8680199093490,MED652
8680199094282,MED884
8680199094640,MED988
8680199152005,MED381
8680199152449,MED380
8680199152654,MED381
8680199153026,MED329
8680199153033,MED329
8680199154986,MED833
8680199166101,MED792
8680199193220,MED884
8680199193503,MED884
8680199197846,MED838
8680199540680,MED561
8680199540697,MED562
8680199544091,MED549
8680199546019,MED549
8680199547580,MED561
8680199571486,MED501
8680199572780,MED492
8680199594393,MED884
8680199597172,MED838
8680199599701,MED884
8680199612639,MED907
8680199652840,MED885
8680199705379,MED373
8680199705386,MED373
8680199753622,MED653
8680199799941,MED382
8680202600059,MED924
8680202600134,MED822
8680202600172,MED359
8680202600219,MED826
8680202600226,MED826
8680202600233,MED826
8680222750321,MED408
8680222750420,MED376
8680222790129,MED801
8680265010000,MED878
8680352001041,MED572
8680381900209,MED398
8680381900216,MED827
8680381900247,MED158
8680400770547,MED963
8680400770677,MED983
8680400770813,MED881
8680400770820,MED881
8680400770837,MED372
8680400770943,MED367
8680400772350,MED946
8680712270223,MED673
8680712270230,MED673
8680712270247,MED673
8680712270254,MED673
8680712750060,MED599
8680712790097,MED800
8680712790158,MED741
8680741520269,MED623
8680741520917,MED635
8680741520924,MED635
8680741521181,MED623
8680741521358,MED632
8680741521365,MED632
8680741551157,MED615
8680741551164,MED615
8680760010178,MED151
8680760010246,MED244
8680760010598,MED609
8680760010697,MED312
8680760040021,MED797
8680760090569,MED845
8680760091047,MED571
8680760091832,MED440
8680760092006,MED634
8680760092136,MED034
8680760092174,MED680
8680760092181,MED680
8680760092235,MED033
8680760092495,MED680
8680760120037,MED400
8680760150263,MED375
8680760150270,MED616
8680760150287,MED616
8680760150294,MED616
8680760350076,MED1146
8680760350083,MED183
8680760370012,MED1146
8680760480018,MED183
8680760490017,MED1146
8680760510098,MED907
8680760540132,MED544
8680760570016,MED571
8680760570023,MED510
8680760570092,MED510
8680760570153,MED034
8680760700017,MED344
8680760700024,MED343
8680760700031,MED770
8680760700048,MED680
8680760700055,MED680
8680760700062,MED770
8680865270255,MED645
8680869372016,MED481
8680881010071,MED1043
8680881010088,MED1043
8680881011443,MED984
8680881011467,MED984
8680881020445,MED915
8680881020469,MED351
8680881020506,MED932
8680881020513,MED932
8680881020704,MED533
8680881020735,MED539
8680881023521,MED533
8680881023545,MED539
8680881023569,MED539
8680881024313,MED916
8680881027185,MED681
8680881027208,MED681
8680881029462,MED322
8680881029486,MED322
8680881040696,MED786
8680881043505,MED814
8680881090318,MED1060
8680881090493,MED414
8680881090608,MED612
8680881091506,MED985
8680881091537,MED591
8680881091551,MED985
8680881098345,MED591
8680881099625,MED322
8680881099649,MED322
8680881099892,MED462
8680881154591,MED207
8680881243875,MED928
8680885575248,MED454
8680885575262,MED454
8680952380942,MED500
8680952380966,MED522
8680952380973,MED907
8680952385749,MED499
8680952385954,MED523
8680952385961,MED523
8680955540060,MED541
8680955540077,MED541
8680972609160,MED1070
8680976003292,MED907
8681020035023,MED664
8681023750053,MED827
8681085010621,MED441
8681117650030,MED443
8681234741109,MED722
8681281000235,MED740
8681291090066,MED016
8681291090127,MED194
8681291090431,MED004
8681291090486,MED004
8681291090530,MED004
8681291090547,MED603
8681291150456,MED128
8681291340079,MED081
8681291340420,MED083
8681291540134,MED103
8681291540141,MED101
8681291540158,MED102
8681291540516,MED104
8681291570094,MED194
8681308011053,MED828
8681308011060,MED828
8681308011077,MED828
8681308050014,MED357
8681308050021,MED357
8681308071002,MED1120
8681308091000,MED201
8681308091239,MED1052
8681308091246,MED202
8681308091253,MED202
8681308091277,MED169
8681308151001,MED698
8681308281067,MED202
8681308651013,MED698
8681308701008,MED851
8681332750027,MED582
8681332750065,MED844
8681349103038,MED980
8681428010509,MED485
8681428010592,MED098
8681428011384,MED1000
8681428031375,MED989
8681428031528,MED989
8681428031948,MED989
8681428031955,MED989
8681428031962,MED989
8681428081998,MED220
8681428091713,MED1083
8681428550609,MED236
8681428752058,MED953
8681612438003,MED783
8681639790016,MED809
8681697750076,MED882
8681697750083,MED882
8681697750137,MED943
8681728350053,MED1139
8681735790118,MED759
8681735790163,MED791
8681735790255,MED701
8681801090289,MED749
8681801091330,MED871
8681801091378,MED592
8681801540029,MED185
8681801540036,MED186
8681801540180,MED187
8681801571429,MED339
8681801771003,MED663
8681801771010,MED663
8681801891459,MED365
8681812046336,MED934
8681880030053,MED604
8681880090101,MED318
8681911010054,MED785
8681911010061,MED785
8681911040013,MED803
8681911090049,MED396
8681911090094,MED432
8681911090117,MED432
8681911090131,MED432
8681911090186,MED396
8681911090193,MED432
8681911160018,MED793
8681911570015,MED309
8681911570046,MED310
8681911570053,MED512
8681911590020,MED863
8681986160401,MED502
8681986160456,MED502
8681986160555,MED542
8681986160708,MED542
8681990009093,MED821
8681990009369,MED316
8682340179008,MED978
8682340179121,MED996
8682340179138,MED996
8682340179152,MED997
8682704982138,MED903
8682750299600,MED907
8682758010016,MED267
8682758010023,MED267
8682758020022,MED463
8682758020039,MED463
8682758020046,MED538
8682758040020,MED087
8682758040037,MED087
8682758090018,MED640
8682758550017,MED614
8682758550024,MED614
8682764002081,MED909
8683052347396,MED910
8683060010107,MED301
8683060090017,MED871
8683060090024,MED871
8683060090048,MED139
8683060090123,MED592
8683060120011,MED138
8683060570021,MED428
8683060570052,MED301
8683060590012,MED301
8683060750034,MED871
8683060750065,MED138
8683060750072,MED592
8683060750102,MED354
8683060890044,MED592
8683060890051,MED365
8683190185157,MED222
8683190185164,MED222
8683190185171,MED222
8683190185188,MED222
8683190185195,MED222
8683190185201,MED222
8683190185225,MED222
8683190185232,MED222
8683190185249,MED222
8683190185263,MED221
8683190185270,MED221
8683190185287,MED221
8683190185294,MED221
8683190185300,MED221
8683190185317,MED221
8683190185324,MED221
8683190185331,MED221
8683190185454,MED222
8683190185461,MED222
8683190185522,MED222
8683190185539,MED222
8683256340018,MED907
8683262443048,MED886
8683280337022,MED237
8683280337053,MED1018
8683280337060,MED1018
8683280337084,MED193
8683280337107,MED1160
8683280337114,MED1160
8683280337138,MED1160
8683280337169,MED1045
8683280337213,MED1032
8683280337237,MED1032
8683280337251,MED1032
8683280337428,MED145
8683280337435,MED145
8683280337442,MED145
8683295540080,MED427
8683434443005,MED371
8683586280015,MED726
8683801681009,MED940
8683873408054,MED776
8683962383149,MED369
8683962383286,MED747
8684090750018,MED906
8684172950008,MED456
8684214030019,MED448
8684263040021,MED798
8684263090064,MED744
8684263090071,MED412
8684263090088,MED488
8684263090095,MED488
8684278010019,MED887
8684278010026,MED839
8684396040554,MED934
8684521770028,MED408
8685030964625,MED963
8690509540019,MED190
8690509574274,MED191
8690509724358,MED192
8690570010008,MED012
8690570081077,MED024
8690570250022,MED024
8690570700039,MED024
8690570701067,MED024
8697432094978,MED907
8697637691811,MED936
8697637691835,MED936
8697637750198,MED936
8697637750204,MED936
8697637750242,MED936
8697637750266,MED936
8697637750327,MED936
8697772010041,MED364
8697772010058,MED111
8697772010065,MED111
8697772010072,MED597
8697772090067,MED907
8697772570026,MED597
8697772570033,MED111
8697772570057,MED520
8697772570064,MED111
8697791000931,MED221
8697791000948,MED221
8697791001044,MED221
8697927021410,MED883
8697927021571,MED929
8697927023971,MED553
8697927024183,MED553
8697927024701,MED926
8697927044969,MED815
8697927090027,MED742
8697927090034,MED742
8697927090249,MED613
8697927091321,MED1059
8697927091604,MED611
8697927094261,MED321
8697927094292,MED321
8697927094759,MED585
8697927280435,MED742
8697927550590,MED643
8697927550606,MED643
8697927554413,MED632
8697927574749,MED585
8697928020061,MED223
8697928020122,MED679
8697928020146,MED679
8697928020184,MED223
8697929020220,MED918
8697929020411,MED509
8697929090612,MED1058
8697929090636,MED1058
8697929090650,MED1058
8697929090674,MED1058
8697936014908,MED926
8697936023276,MED340
8697936093613,MED1044
8697936093651,MED1044
8697936093675,MED1044
8697936245036,MED207
8697936544610,MED558
8698747570027,MED407
8698856090065,MED1012
8698856090072,MED1013
8698856090089,MED1013
8698856150103,MED907
8698856340146,MED177
8698856350183,MED179
8698856350305,MED289
8698856510150,MED177
8698856540249,MED298
8698856540409,MED555
8698856610232,MED297
8698856750167,MED177
8699043890475,MED950
8699043890482,MED950
8699043890499,MED950
8699043890505,MED950
8699043890512,MED950
8699074950520,MED1053
8699228090041,MED147
8699228090058,MED147
8699262000198,MED981
8699262090601,MED981
8699262090618,MED981
8699262090625,MED982
8699262950257,MED948
8699262950271,MED948
8699262950295,MED948
8699262950356,MED948
8699293010968,MED465
8699293043799,MED819
8699293090533,MED695
8699293091066,MED470
8699293094029,MED487
8699293094036,MED487
8699293094043,MED853
8699293094050,MED853
8699293094067,MED853
8699293094074,MED853
8699293095118,MED695
8699293095125,MED695
8699293097334,MED1084
8699293280545,MED696
8699293280552,MED695
8699293545965,MED547
8699293700258,MED406
8699324080014,MED938
8699324080045,MED939
8699490561201,MED294
8699490561218,MED293
8699490571040,MED907
8699490579015,MED457
8699502091412,MED671
8699502151833,MED1122
8699502151840,MED1122
8699502151857,MED1122
8699502151864,MED1122
8699502151871,MED1122
8699502151888,MED1122
8699502280243,MED671
8699502280250,MED671
8699502770409,MED663
8699502770607,MED663
8699504010077,MED474
8699504010114,MED084
8699504012163,MED265
8699504030020,MED082
8699504030037,MED082
8699504030051,MED085
8699504030075,MED085
8699504030303,MED080
8699504030471,MED080
8699504040012,MED019
8699504090406,MED1014
8699504090659,MED1014
8699504090703,MED1020
8699504090758,MED1020
8699504090970,MED1014
8699504091113,MED1020
8699504091199,MED1027
8699504091205,MED1027
8699504091236,MED1014
8699504091243,MED1014
8699504093001,MED265
8699504093018,MED265
8699504120097,MED097
8699504570038,MED084
8699504890013,MED019
8699504890020,MED019
8699506012055,MED217
8699506752050,MED217
8699506831014,MED217
8699508010509,MED229
8699508090020,MED313
8699508090488,MED703
8699508090495,MED703
8699508090532,MED703
8699508090556,MED703
8699508120086,MED323
8699508120093,MED327
8699508150120,MED699
8699508150229,MED319
8699508270088,MED735
8699508270095,MED735
8699508270101,MED932
8699508270118,MED932
8699508270194,MED736
8699508270200,MED736
8699508270217,MED736
8699508270224,MED736
8699508270354,MED707
8699508270361,MED707
8699508270378,MED707
8699508270538,MED737
8699508270545,MED738
8699508270576,MED739
8699508270583,MED739
8699508270651,MED739
8699508270668,MED739
8699508270675,MED739
8699508270705,MED684
8699508280131,MED703
8699508280148,MED703
8699508280155,MED703
8699508280162,MED703
8699508280186,MED703
8699508280346,MED702
8699508280353,MED702
8699508570119,MED319
8699508610020,MED731
8699508750016,MED307
8699508750061,MED699
8699508750115,MED731
8699508750122,MED731
8699508750139,MED731
8699508750405,MED699
8699508750634,MED731
8699508750641,MED731
8699510030199,MED1125
8699510030205,MED1125
8699511090208,MED641
8699511099171,MED1085
8699511099201,MED1093
8699511120011,MED417
8699511770049,MED954
8699511940039,MED782
8699512008783,MED567
8699512010021,MED479
8699512540016,MED551
8699512540047,MED550
8699512590011,MED576
8699514010036,MED986
8699514010173,MED272
8699514010180,MED272
8699514010197,MED272
8699514010364,MED986
8699514010937,MED036
8699514010944,MED272
8699514010968,MED272
8699514010982,MED272
8699514011002,MED272
8699514011187,MED272
8699514013013,MED991
8699514016809,MED1107
8699514016908,MED1105
8699514017004,MED1108
8699514017523,MED239
8699514020011,MED919
8699514020110,MED545
8699514020127,MED545
8699514030034,MED399
8699514030188,MED173
8699514030577,MED165
8699514037491,MED165
8699514039273,MED161
8699514039280,MED173
8699514042723,MED712
8699514080053,MED1133
8699514080541,MED1133
8699514085621,MED155
8699514090021,MED162
8699514090199,MED1127
8699514090472,MED1062
8699514090502,MED1062
8699514090922,MED1128
8699514090939,MED1128
8699514090977,MED046
8699514091509,MED009
8699514091516,MED009
8699514091523,MED047
8699514091530,MED047
8699514091813,MED1127
8699514091820,MED1127
8699514091837,MED1127
8699514091974,MED1133
8699514091998,MED1133
8699514092476,MED647
8699514093251,MED063
8699514093923,MED639
8699514093978,MED1063
8699514094357,MED013
8699514094432,MED847
8699514094449,MED847
8699514094760,MED1107
8699514094784,MED469
8699514095422,MED852
8699514095613,MED132
8699514095910,MED1128
8699514096368,MED1128
8699514096375,MED1128
8699514096382,MED1128
8699514096436,MED1133
8699514096467,MED1133
8699514096474,MED847
8699514096481,MED847
8699514096764,MED990
8699514096788,MED990
8699514097839,MED1094
8699514097846,MED1094
8699514099123,MED1063
8699514099130,MED1063
8699514099147,MED1063
8699514129110,MED007
8699514130123,MED166
8699514136125,MED812
8699514150183,MED306
8699514150213,MED306
8699514150237,MED306
8699514150244,MED306
8699514150695,MED306
8699514150718,MED1123
8699514150725,MED1123
8699514150732,MED1123
8699514150749,MED1123
8699514150756,MED1123
8699514150770,MED1123
8699514150787,MED1123
8699514150879,MED517
8699514151807,MED1138
8699514159162,MED160
8699514170167,MED763
8699514280057,MED517
8699514280064,MED517
8699514340041,MED166
8699514340072,MED022
8699514340089,MED164
8699514340188,MED007
8699514346302,MED022
8699514350088,MED1163
8699514350255,MED286
8699514352853,MED211
8699514380092,MED1140
8699514380108,MED287
8699514380139,MED1162
8699514382867,MED211
8699514480037,MED288
8699514510079,MED166
8699514540069,MED557
8699514550006,MED636
8699514550143,MED625
8699514550174,MED625
8699514550204,MED625
8699514550259,MED648
8699514550266,MED648
8699514550273,MED648
8699514570066,MED036
8699514570202,MED062
8699514573715,MED036
8699514575535,MED132
8699514590217,MED132
8699514590231,MED1123
8699514592556,MED961
8699514595571,MED132
8699514596837,MED1128
8699514599197,MED160
8699514655657,MED961
8699514700050,MED766
8699514700067,MED766
8699514700074,MED766
8699514750116,MED942
8699514759188,MED160
8699514759409,MED022
8699514759416,MED022
8699514890058,MED166
8699516012632,MED1000
8699516012663,MED1001
8699516013158,MED010
8699516015169,MED1023
8699516015176,MED1023
8699516042240,MED799
8699516042257,MED799
8699516044510,MED799
8699516047467,MED805
8699516094164,MED219
8699516094171,MED219
8699516151164,MED516
8699516153625,MED789
8699516281199,MED516
8699516285951,MED654
8699516285968,MED654
8699516286934,MED516
8699516380311,MED580
8699516570330,MED580
8699516573119,MED170
8699516750343,MED580
8699519700109,MED784
8699522015269,MED099
8699522092802,MED277
8699522092901,MED335
8699522092918,MED335
8699522095605,MED027
8699522095650,MED027
8699522095704,MED027
8699522095711,MED027
8699522096947,MED277
8699522155255,MED554
8699522285754,MED027
8699522285792,MED027
8699522285808,MED027
8699522288519,MED065
8699522356294,MED1154
8699522356317,MED284
8699522356522,MED1161
8699522385041,MED1151
8699522386307,MED1154
8699522386321,MED284
8699522386581,MED1161
8699522480432,MED284
8699522490462,MED284
8699522490738,MED1154
8699522521456,MED140
8699522521494,MED140
8699522523078,MED233
8699522523085,MED233
8699522541379,MED188
8699522543014,MED559
8699522553242,MED233
8699522553259,MED233
8699522553266,MED233
8699522557660,MED618
8699522571055,MED099
8699522571253,MED099
8699522571413,MED140
8699522705009,MED040
8699522705160,MED041
8699522952939,MED335
8699525010025,MED709
8699525010094,MED607
8699525010100,MED973
8699525010124,MED1002
8699525010131,MED1002
8699525010148,MED1002
8699525011169,MED379
8699525013248,MED374
8699525014344,MED1003
8699525014351,MED1003
8699525016775,MED1055
8699525016782,MED1055
8699525016799,MED1055
8699525018021,MED258
8699525019820,MED1005
8699525019837,MED1005
8699525019882,MED1004
8699525019899,MED1004
8699525019905,MED1004
8699525019912,MED1004
8699525019943,MED843
8699525019950,MED258
8699525019967,MED258
8699525019974,MED258
8699525030016,MED423
8699525031815,MED422
8699525043924,MED794
8699525043948,MED794
8699525084002,MED780
8699525090690,MED715
8699525091918,MED153
8699525092199,MED392
8699525092205,MED392
8699525092267,MED200
8699525092366,MED598
8699525092373,MED598
8699525092465,MED028
8699525092472,MED028
8699525092717,MED706
8699525092762,MED072
8699525092779,MED072
8699525092793,MED691
8699525092915,MED200
8699525093059,MED691
8699525093141,MED072
8699525093158,MED072
8699525093165,MED072
8699525093172,MED028
8699525093189,MED028
8699525093516,MED1040
8699525093523,MED1040
8699525093530,MED1040
8699525093547,MED1040
8699525094131,MED1040
8699525094148,MED1040
8699525094315,MED727
8699525094322,MED727
8699525094582,MED1124
8699525094599,MED1124
8699525094636,MED212
8699525094643,MED212
8699525094667,MED032
8699525094681,MED032
8699525095565,MED724
8699525095572,MED724
8699525095756,MED589
8699525095978,MED168
8699525099600,MED483
8699525099730,MED848
8699525099747,MED848
8699525099921,MED715
8699525105790,MED032
8699525131676,MED422
8699525134028,MED422
8699525150226,MED858
8699525150394,MED907
8699525150585,MED437
8699525151513,MED758
8699525156716,MED858
8699525157492,MED715
8699525157508,MED715
8699525159830,MED1047
8699525159847,MED1047
8699525162557,MED757
8699525162564,MED757
8699525162571,MED757
8699525193667,MED225
8699525193681,MED225
8699525193780,MED225
8699525193797,MED225
8699525193803,MED225
8699525193810,MED225
8699525270382,MED710
8699525270399,MED710
8699525272324,MED208
8699525272348,MED208
8699525272355,MED708
8699525272843,MED689
8699525272867,MED689
8699525272874,MED689
8699525272904,MED028
8699525273277,MED072
8699525273284,MED072
8699525274960,MED168
8699525275509,MED072
8699525275516,MED072
8699525278418,MED072
8699525282132,MED200
8699525282149,MED200
8699525282484,MED028
8699525282507,MED028
8699525282989,MED072
8699525283047,MED072
8699525283207,MED028
8699525283214,MED028
8699525284129,MED072
8699525284624,MED212
8699525285584,MED724
8699525285591,MED724
8699525286451,MED028
8699525287465,MED715
8699525287489,MED715
8699525288196,MED068
8699525289568,MED068
8699525342812,MED422
8699525346117,MED434
8699525346124,MED422
8699525349644,MED422
8699525354938,MED907
8699525529695,MED650
8699525529701,MED650
8699525546296,MED548
8699525550033,MED631
8699525558992,MED638
8699525572400,MED598
8699525573957,MED589
8699525577702,MED598
8699525578105,MED529
8699525590435,MED225
8699525590442,MED225
8699525700018,MED772
8699525700049,MED773
8699525704054,MED780
8699525707703,MED374
8699525707710,MED374
8699525707734,MED843
8699525707765,MED781
8699525750150,MED242
8699525750426,MED225
8699525750525,MED642
8699525750556,MED944
8699525750730,MED733
8699525752239,MED422
8699525752253,MED422
8699525754615,MED212
8699525754653,MED032
8699525755247,MED475
8699525756275,MED434
8699525786807,MED163
8699525790019,MED760
8699525796981,MED794
8699525890597,MED437
8699526000308,MED397
8699527010542,MED1131
8699527010955,MED577
8699527040020,MED227
8699527080156,MED629
8699527090025,MED226
8699527090032,MED226
8699527090865,MED849
8699527090957,MED037
8699527091503,MED1099
8699527093521,MED854
8699527093569,MED240
8699527093705,MED240
8699527093873,MED435
8699527093927,MED435
8699527150132,MED386
8699527151016,MED385
8699527170017,MED484
8699527340014,MED435
8699527341523,MED907
8699527370028,MED1148
8699527573788,MED240
8699527592208,MED960
8699527593748,MED240
8699529030036,MED1118
8699529120010,MED1117
8699529120027,MED1117
8699532011114,MED256
8699532011121,MED256
8699532014078,MED255
8699532014085,MED255
8699532015327,MED255
8699532015334,MED255
8699532015983,MED256
8699532017802,MED278
8699532017819,MED278
8699532035486,MED256
8699532035493,MED256
8699532090201,MED245
8699532090881,MED378
8699532091420,MED245
8699532091475,MED245
8699532095015,MED245
8699532095190,MED245
8699532095428,MED274
8699532095473,MED274
8699532095527,MED282
8699532095534,MED282
8699532095541,MED245
8699532095633,MED1038
8699532095640,MED1038
8699532095671,MED1038
8699532095688,MED1038
8699532151384,MED184
8699532154453,MED283
8699532154460,MED283
8699532154477,MED283
8699532154484,MED283
8699532154491,MED283
8699532154545,MED283
8699536010205,MED055
8699536010373,MED182
8699536011219,MED1088
8699536011356,MED055
8699536011400,MED998
8699536011424,MED998
8699536011448,MED999
8699536011455,MED999
8699536011462,MED1090
8699536011493,MED1090
8699536011523,MED1090
8699536030234,MED1092
8699536030456,MED1079
8699536030463,MED1079
8699536030470,MED1079
8699536030487,MED1079
8699536040011,MED216
8699536040028,MED216
8699536040035,MED216
8699536090078,MED324
8699536090115,MED006
8699536090153,MED149
8699536090160,MED149
8699536090177,MED149
8699536090214,MED596
8699536090221,MED596
8699536090252,MED1021
8699536090269,MED1022
8699536090757,MED149
8699536090764,MED149
8699536090788,MED1021
8699536090962,MED149
8699536091266,MED1010
8699536091273,MED1010
8699536091280,MED1010
8699536091297,MED1011
8699536091303,MED1011
8699536091310,MED1011
8699536092218,MED1008
8699536092232,MED1008
8699536092300,MED1011
8699536092317,MED1011
8699536092386,MED1009
8699536092393,MED1009
8699536092409,MED1009
8699536092416,MED1009
8699536092492,MED045
8699536092584,MED687
8699536092911,MED1090
8699536092928,MED1090
8699536093024,MED247
8699536093079,MED353
8699536093086,MED353
8699536093093,MED353
8699536093109,MED353
8699536093222,MED1041
8699536093246,MED1041
8699536093260,MED1041
8699536093284,MED1041
8699536093307,MED1090
8699536093314,MED1090
8699536093369,MED1090
8699536093376,MED1090
8699536093482,MED687
8699536093550,MED1079
8699536093574,MED687
8699536093772,MED1089
8699536093789,MED1089
8699536093833,MED1079
8699536093901,MED1079
8699536094106,MED1068
8699536094113,MED1068
8699536150314,MED687
8699536150321,MED687
8699536160016,MED026
8699536160078,MED026
8699536160085,MED026
8699536170053,MED006
8699536280110,MED687
8699536280127,MED687
8699536340029,MED055
8699536510019,MED006
8699536640013,MED006
8699536650111,MED353
8699536770048,MED452
8699540003309,MED112
8699540010321,MED1100
8699540011205,MED206
8699540011304,MED206
8699540013704,MED049
8699540014602,MED108
8699540015081,MED180
8699540015135,MED180
8699540015630,MED1006
8699540015661,MED1006
8699540015692,MED1006
8699540017009,MED1007
8699540017054,MED1007
8699540027862,MED446
8699540027879,MED446
8699540030015,MED113
8699540030756,MED1095
8699540030763,MED1095
8699540031678,MED1095
8699540031708,MED1095
8699540031715,MED1095
8699540040151,MED813
8699540040168,MED813
8699540043770,MED620
8699540043787,MED620
8699540070127,MED1114
8699540070134,MED1114
8699540090064,MED667
8699540090286,MED1015
8699540090743,MED761
8699540091023,MED659
8699540091030,MED659
8699540091054,MED659
8699540091115,MED020
8699540091252,MED1054
8699540091269,MED1054
8699540096417,MED1114
8699540096462,MED1114
8699540096622,MED1064
8699540096660,MED1064
8699540096707,MED1064
8699540096745,MED1064
8699540097865,MED602
8699540098619,MED1015
8699540098718,MED1015
8699540160415,MED777
8699540160453,MED777
8699540171114,MED1050
8699540171121,MED1050
8699540250130,MED049
8699540250321,MED052
8699540270510,MED659
8699540270541,MED659
8699540571204,MED602
8699540701205,MED049
8699540701267,MED049
8699540754003,MED180
8699541010405,MED299
8699541010504,MED299
8699541015226,MED451
8699541090100,MED205
8699541090209,MED205
8699541090223,MED205
8699541095365,MED466
8699541273404,MED674
8699541273503,MED674
8699541280709,MED205
8699541280716,MED205
8699541281850,MED205
8699541350013,MED299
8699541380010,MED299
8699541751605,MED451
8699541790901,MED299
8699541791007,MED299
8699541791205,MED299
8699543010021,MED260
8699543010038,MED260
8699543010045,MED590
8699543010137,MED1076
8699543010144,MED1076
8699543010151,MED756
8699543010212,MED1076
8699543010250,MED394
8699543010274,MED394
8699543010625,MED971
8699543010632,MED971
8699543010649,MED971
8699543010656,MED971
8699543030012,MED1076
8699543030029,MED1076
8699543030036,MED1076
8699543030104,MED1076
8699543030111,MED1076
8699543040042,MED811
8699543040059,MED811
8699543040110,MED811
8699543070254,MED1136
8699543070339,MED1136
8699543090030,MED595
8699543090047,MED595
8699543090061,MED1035
8699543090078,MED1035
8699543090085,MED1035
8699543090092,MED1086
8699543090122,MED1086
8699543090351,MED1035
8699543090368,MED1035
8699543090467,MED1136
8699543090474,MED1136
8699543090498,MED1136
8699543090542,MED1035
8699543090726,MED352
8699543090733,MED352
8699543091075,MED994
8699543091099,MED994
8699543091112,MED995
8699543091136,MED995
8699543091150,MED995
8699543091334,MED1057
8699543091358,MED1057
8699543091372,MED1057
8699543091952,MED823
8699543091969,MED823
8699543092348,MED1073
8699543092355,MED1073
8699543092362,MED1073
8699543092379,MED1073
8699543092409,MED823
8699543092416,MED823
8699543150055,MED370
8699543150062,MED370
8699543150079,MED370
8699543150109,MED370
8699543150208,MED370
8699543150222,MED370
8699543150314,MED1036
8699543150321,MED1036
8699543190020,MED837
8699543190044,MED837
8699543750019,MED590
8699546010011,MED094
8699546010028,MED094
8699546015597,MED003
8699546015610,MED043
8699546015634,MED143
8699546020478,MED096
8699546070879,MED305
8699546080274,MED025
8699546085767,MED023
8699546090372,MED215
8699546095100,MED874
8699546095131,MED064
8699546098248,MED387
8699546099429,MED874
8699546100354,MED291
8699546115198,MED105
8699546130153,MED093
8699546130238,MED093
8699546241231,MED094
8699546241248,MED094
8699546350940,MED290
8699546355174,MED107
8699546385492,MED292
8699546705757,MED023
8699546705795,MED089
8699546705801,MED089
8699546754892,MED243
8699546755141,MED106
8699548013010,MED977
8699548030864,MED130
8699548033162,MED054
8699548090479,MED130
8699548093050,MED907
8699548093159,MED053
8699548094408,MED053
8699548094682,MED830
8699548095566,MED830
8699548095573,MED830
8699548151637,MED1029
8699548152702,MED1028
8699548152719,MED1028
8699548570759,MED450
8699552010562,MED251
8699552010616,MED249
8699552010623,MED249
8699552010630,MED249
8699552010647,MED249
8699552030058,MED262
8699552030065,MED262
8699552030072,MED262
8699552030089,MED262
8699552090458,MED250
8699552090465,MED250
8699552090472,MED251
8699552090489,MED251
8699552090892,MED250
8699552090915,MED1017
8699552120315,MED866
8699559010039,MED1106
8699559010046,MED1106
8699559010145,MED304
8699559030020,MED527
8699559090024,MED458
8699559090321,MED734
8699559090345,MED693
8699559090475,MED693
8699559090499,MED697
8699559090772,MED1034
8699559090789,MED1034
8699559090857,MED1034
8699559570021,MED524
8699559570069,MED525
8699559570144,MED524
8699559750010,MED458
8699560010769,MED361
8699560090020,MED771
8699561380229,MED907
8699563544902,MED566
8699563546029,MED564
8699563604958,MED565
8699564012509,MED038
8699564012554,MED482
8699565090049,MED1119
8699565090056,MED1119
8699565090087,MED1119
8699565090094,MED1119
8699566013221,MED974
8699566013245,MED974
8699566013269,MED974
8699566015751,MED860
8699566015768,MED860
8699566015775,MED860
8699566091120,MED1129
8699566091137,MED1129
8699566091151,MED1129
8699566091168,MED1129
8699566093131,MED383
8699566093155,MED384
8699566093384,MED584
8699566093391,MED584
8699566125429,MED174
8699566155600,MED629
8699566205794,MED860
8699566344288,MED444
8699566354379,MED1148
8699566484359,MED1148
8699566515008,MED444
8699566753103,MED964
8699566755107,MED444
8699567090054,MED682
8699567270036,MED683
8699567300016,MED783
8699567570020,MED917
8699567570037,MED911
8699569010012,MED752
8699569010500,MED1101
8699569010517,MED1101
8699569010524,MED1101
8699569010562,MED1101
8699569010579,MED1101
8699569010586,MED1101
8699569010593,MED976
8699569010609,MED976
8699569010616,MED976
8699569011026,MED608
8699569030225,MED175
8699569040071,MED818
8699569090021,MED393
8699569090045,MED393
8699569090052,MED393
8699569090076,MED716
8699569090113,MED716
8699569090311,MED694
8699569090328,MED029
8699569090342,MED857
8699569090366,MED1104
8699569090458,MED029
8699569090489,MED716
8699569090496,MED716
8699569090571,MED685
8699569090601,MED1037
8699569090618,MED1037
8699569090625,MED1037
8699569090649,MED445
8699569090670,MED1116
8699569090687,MED1116
8699569090694,MED029
8699569090717,MED1104
8699569091417,MED1061
8699569091448,MED1061
8699569091608,MED1102
8699569091622,MED1102
8699569091790,MED1016
8699569091806,MED1016
8699569091868,MED391
8699569091950,MED1102
8699569091998,MED685
8699569092001,MED685
8699569092087,MED473
8699569092094,MED1102
8699569092476,MED473
8699569092827,MED723
8699569093060,MED459
8699569093091,MED685
8699569093107,MED831
8699569093114,MED831
8699569150183,MED021
8699569150237,MED021
8699569150602,MED515
8699569270041,MED728
8699569270058,MED729
8699569270065,MED728
8699569270072,MED729
8699569280057,MED029
8699569280064,MED029
8699569280224,MED029
8699569280231,MED029
8699569280385,MED029
8699569280392,MED029
8699569280408,MED685
8699569280422,MED029
8699569280439,MED685
8699569280446,MED110
8699569280453,MED110
8699569280538,MED515
8699569280569,MED515
8699569350019,MED1142
8699569350095,MED568
8699569380016,MED1142
8699569380030,MED568
8699569480013,MED1142
8699569480037,MED568
8699569540069,MED568
8699569540083,MED546
8699569570226,MED958
8699569570233,MED528
8699569570295,MED624
8699569570318,MED723
8699569590118,MED902
8699569610151,MED074
8699569620013,MED074
8699569620020,MED076
8699569700081,MED752
8699569700173,MED390
8699569750147,MED856
8699569750154,MED021
8699569750215,MED958
8699570080028,MED840
8699570090058,MED015
8699570090119,MED058
8699570090355,MED750
8699570090362,MED750
8699570150011,MED014
8699570240064,MED496
8699570240101,MED493
8699570240125,MED493
8699570240187,MED493
8699570240255,MED493
8699570570024,MED493
8699570570062,MED014
8699570570079,MED493
8699570570086,MED556
8699570570147,MED060
8699570570246,MED059
8699570590039,MED840
8699570700056,MED840
8699570700094,MED059
8699570750020,MED493
8699578011246,MED330
8699578011253,MED157
8699578011260,MED156
8699578011277,MED159
8699578040079,MED755
8699578043414,MED796
8699578043421,MED796
8699578090050,MED668
8699578090074,MED1121
8699578090142,MED1121
8699578090166,MED668
8699578090418,MED196
8699578090425,MED196
8699578090432,MED196
8699578090449,MED1039
8699578090456,MED1039
8699578090463,MED1039
8699578090883,MED438
8699578091026,MED765
8699578091231,MED328
8699578091248,MED328
8699578091699,MED1066
8699578091965,MED1065
8699578092122,MED1066
8699578092214,MED338
8699578092511,MED601
8699578092580,MED1087
8699578092597,MED1069
8699578092603,MED1069
8699578093013,MED1111
8699578093020,MED1111
8699578094218,MED1109
8699578094225,MED1109
8699578151218,MED328
8699578151225,MED328
8699578151232,MED328
8699578152215,MED337
8699578162412,MED779
8699578162429,MED779
8699578190019,MED755
8699578280017,MED668
8699578280024,MED668
8699578572211,MED337
8699580010329,MED430
8699580010374,MED461
8699580040012,MED810
8699580040029,MED810
8699580040050,MED787
8699580090024,MED075
8699580090093,MED150
8699580090130,MED150
8699580090147,MED593
8699580090154,MED593
8699580090321,MED424
8699580090635,MED424
8699580090680,MED850
8699580090697,MED850
8699580090703,MED850
8699580090710,MED850
8699580210019,MED358
8699580210132,MED967
8699580210149,MED967
8699580540017,MED552
8699580540024,MED570
8699580570014,MED342
8699580570083,MED507
8699580570106,MED431
8699580570120,MED507
8699580570144,MED621
8699580950014,MED945
8699580950021,MED945
8699580950038,MED945
8699584090730,MED471
8699584090785,MED472
8699586070037,MED209
8699586070044,MED209
8699586090110,MED209
8699586092107,MED209
8699586092237,MED238
8699586092398,MED403
8699586095436,MED205
8699586096563,MED1070
8699586280108,MED209
8699586280115,MED209
8699586285486,MED205
8699586342608,MED131
8699586690051,MED203
8699586690068,MED203
8699587011237,MED578
8699587011398,MED521
8699587012869,MED1024
8699587031341,MED630
8699587033802,MED630
8699587161086,MED137
8699587161116,MED136
8699587351661,MED129
8699587571120,MED135
8699587751362,MED842
8699587753472,MED439
8699591010028,MED927
8699591010363,MED923
8699591010387,MED969
8699591040018,MED817
8699591090044,MED877
8699591090051,MED877
8699591090099,MED018
8699591090112,MED311
8699591090129,MED092
8699591090167,MED898
8699591090174,MED311
8699591090181,MED311
8699591090341,MED425
8699591090440,MED748
8699591090501,MED655
8699591090518,MED655
8699591150298,MED966
8699591150397,MED655
8699591150403,MED655
8699591150427,MED498
8699591190034,MED898
8699591240043,MED931
8699591240074,MED921
8699591280018,MED655
8699591280025,MED655
8699591280032,MED658
8699591280049,MED658
8699591280063,MED658
8699591280070,MED658
8699591570324,MED966
8699591570331,MED018
8699591570355,MED965
8699591570379,MED575
8699591570423,MED514
8699591590049,MED956
8699591590063,MED900
8699591590087,MED861
8699591650279,MED956
8699591650286,MED573
8699591650293,MED956
8699591700240,MED092
8699591890088,MED449
8699593035517,MED1130
8699593035524,MED1130
8699593035531,MED1130
8699593035753,MED1130
8699593083013,MED776
8699593815010,MED325
8699593815027,MED325
8699593815034,MED325
8699593815041,MED325
8699593815102,MED325
8699606524861,MED979
8699606527114,MED626
8699606657569,MED657
8699606694540,MED198
8699606694564,MED198
8699606694649,MED362
8699606750130,MED355
8699606756828,MED594
8699606756927,MED865
8699606775362,MED476
8699606795414,MED788
8699606795476,MED764
8699606796176,MED705
8699606796183,MED705
8699607750016,MED825
8699607750023,MED825
8699607750030,MED825
8699607750061,MED350
8699607750337,MED846
8699607750344,MED846
8699607750535,MED924
8699612000090,MED017
8699612010112,MED331
8699612090046,MED363
8699612570036,MED061
8699612570050,MED061
8699612870013,MED017
8699622270049,MED688
8699624090041,MED144
8699624090065,MED281
8699624090072,MED281
8699624090089,MED281
8699624570048,MED144
8699624590015,MED144
8699624650023,MED281
8699624650061,MED281
8699624650078,MED281
8699636090916,MED264
8699638014224,MED261
8699638054213,MED261
8699638125494,MED859
8699638154913,MED360
8699638154920,MED360
8699638154937,MED360
8699638284375,MED676
8699638284382,MED677
8699638955701,MED303
8699651521303,MED619
8699651570097,MED308
8699671020015,MED302
8699671110006,MED1046
8699671120005,MED1046
8699673098715,MED314
8699673150116,MED276
8699673170206,MED1132
8699673170213,MED1132
8699673954424,MED1075
8699673954714,MED326
8699676770656,MED271
8699676950348,MED1071
8699676950676,MED270
8699676951024,MED1067
8699680010021,MED347
8699680010038,MED347
8699680030050,MED972
8699680030067,MED972
8699680030074,MED972
8699680030081,MED347
8699680030098,MED347
8699680030203,MED972
8699680040011,MED816
8699680040028,MED795
8699680040035,MED795
8699680040042,MED816
8699680080017,MED617
8699680080024,MED617
8699680080093,MED751
8699680080109,MED751
8699680090054,MED574
8699680090252,MED617
8699680090313,MED415
8699680090320,MED1051
8699680090337,MED1051
8699680090344,MED1051
8699680090467,MED388
8699680090474,MED333
8699680090771,MED907
8699680090788,MED605
8699680091105,MED489
8699680091112,MED489
8699680091914,MED334
8699680091921,MED442
8699680092157,MED1082
8699680092218,MED442
8699680150017,MED377
8699680150024,MED377
8699680150031,MED377
8699680150048,MED377
8699680150086,MED377
8699680150307,MED377
8699680160030,MED802
8699680170053,MED389
8699680170121,MED1049
8699680190044,MED901
8699680750019,MED415
8699690570164,MED530
8699690570942,MED402
8699693550019,MED235
8699702755039,MED947
8699705570059,MED933
8699708011481,MED315
8699708090097,MED913
8699708190247,MED753
8699717010024,MED666
8699717010031,MED666
8699717010093,MED001
8699717010109,MED001
8699717010116,MED002
8699717010192,MED001
8699717090026,MED317
8699717090040,MED197
8699717090064,MED077
8699717090071,MED197
8699717090125,MED746
8699717090132,MED077
8699717090149,MED077
8699717090187,MED665
8699717090293,MED416
8699717090590,MED416
8699717280069,MED666
8699717280076,MED077
8699717280090,MED077
8699717280120,MED077
8699717280137,MED077
8699717280144,MED746
8699717280151,MED746
8699717280168,MED746
8699717280199,MED079
8699717570092,MED491
8699717690011,MED001
8699717700062,MED001
8699717700079,MED001
8699738020019,MED920
8699738340599,MED907
8699738350581,MED1143
8699738350659,MED1152
8699738380618,MED1143
8699738380700,MED1145
8699738380731,MED1153
8699738480011,MED1144
8699738480028,MED1141
8699756154390,MED282
8699756154406,MED282
8699756154413,MED282
8699759610015,MED296
8699760610233,MED295
8699769950163,MED949
8699769950187,MED949
8699771030020,MED937
8699772020013,MED534
8699772020020,MED534
8699772020044,MED534
8699772090467,MED583
8699772091464,MED832
8699772120102,MED418
8699772157054,MED952
8699772350066,MED1156
8699772380018,MED1157
8699772480015,MED1158
8699772570426,MED583
8699772570525,MED628
8699772573731,MED534
8699772573748,MED534
8699772650036,MED1159
8699772750033,MED968
8699772750439,MED426
8699774010050,MED868
8699774590408,MED891
8699774750178,MED906
8699783520014,MED743
8699783750107,MED959
8699783750138,MED880
8699783750145,MED880
8699783790110,MED464
8699783790134,MED774
8699786010024,MED996
8699786010031,MED996
8699786010055,MED997
8699786010086,MED991
8699786010109,MED991
8699786030114,MED148
8699786030367,MED148
8699786030374,MED148
8699786040038,MED088
8699786040045,MED088
8699786090163,MED152
8699786090217,MED990
8699786090224,MED990
8699786092730,MED1097
8699786092761,MED152
8699786550087,MED230
8699786550094,MED230
8699786550117,MED231
8699786550124,MED232
8699786570214,MED627
8699786950047,MED644
8699786950054,MED644
8699786951006,MED1078
8699786952003,MED1078
8699788693041,MED622
8699788693058,MED675
8699788693072,MED622
8699788694239,MED622
8699788698268,MED622
8699788699043,MED622
8699788699050,MED675
8699788699074,MED622
8699788750089,MED662
8699788750140,MED662
8699788750232,MED824
8699788750270,MED870
8699788750461,MED732
8699788750652,MED924
8699788750690,MED349
8699788750720,MED356
8699788751390,MED732
8699788751468,MED646
8699788751512,MED421
8699788751536,MED421
8699792011220,MED419
8699792011305,MED769
8699792011480,MED987
8699792012234,MED600
8699792022424,MED518
8699792022431,MED518
8699792022448,MED518
8699792022455,MED518
8699792043924,MED754
8699792091499,MED987
8699792152114,MED035
8699792152121,MED035
8699792152725,MED778
8699792171610,MED762
8699792341235,MED419
8699792573018,MED587
8699793000636,MED907
8699795091083,MED273
8699795091090,MED273
8699795091106,MED273
8699795091113,MED273
8699795091120,MED273
8699795091137,MED273
8699795091182,MED1126
8699808010032,MED146
8699808010049,MED146
8699808010056,MED146
8699808010070,MED146
8699808010087,MED146
8699808010094,MED146
8699809010208,MED263
8699809010215,MED263
8699809010222,MED263
8699809010239,MED263
8699809010505,MED252
8699809011625,MED252
8699809011632,MED254
8699809011649,MED252
8699809011656,MED254
8699809014008,MED259
8699809018020,MED248
8699809018037,MED176
8699809018297,MED254
8699809018303,MED254
8699809018341,MED404
8699809018631,MED404
8699809037786,MED279
8699809097667,MED214
8699809097698,MED246
8699809098190,MED246
8699809098572,MED203
8699809156708,MED477
8699809156722,MED477
8699809156814,MED1019
8699809156821,MED1019
8699809575189,MED279
8699809595026,MED279
8699809706644,MED203
8699809754003,MED259
8699809759121,MED477
8699809950634,MED269
8699809950665,MED1072
8699814260018,MED692
8699814270161,MED717
8699814270178,MED718
8699814270185,MED717
8699814270192,MED718
8699814270222,MED720
8699814270246,MED720
8699814270253,MED720
8699814270260,MED719
8699814270277,MED719
8699814270406,MED714
8699814270413,MED714
8699814750144,MED661
8699814750151,MED661
8699814750205,MED836
8699814750212,MED579
8699814750274,MED420
8699814790102,MED713
8699817030038,MED1048
8699819010076,MED447
8699820030360,MED835
8699820090395,MED830
8699820120030,MED834
8699820150266,MED1048
8699820150358,MED1048
8699822010100,MED411
8699822520241,MED543
8699822540096,MED543
8699826870014,MED320
8699828010050,MED366
8699828010418,MED332
8699828011071,MED908
8699828090052,MED876
8699828090625,MED669
8699828090670,MED897
8699828190011,MED867
8699828190042,MED864
8699828190080,MED904
8699828190097,MED904
8699828190127,MED904
8699828270263,MED672
8699828280064,MED669
8699828280071,MED669
8699828570103,MED540
8699828570110,MED540
8699828570219,MED241
8699828570226,MED504
8699828570295,MED504
8699828570332,MED506
8699828570356,MED531
8699828770473,MED478
8699828790440,MED700
8699828790457,MED730
8699828790464,MED730
8699828950158,MED1098
8699832010046,MED581
8699832010206,MED992
8699832010220,MED992
8699832080018,MED581
8699832090055,MED008
8699832090062,MED855
8699832090079,MED1030
8699832090093,MED1030
8699832090116,MED1030
8699832090178,MED1031
8699832090185,MED1031
8699832090611,MED1031
8699832090628,MED1031
8699832090635,MED1025
8699832090642,MED1025
8699832090659,MED1025
8699832090673,MED1026
8699832090697,MED1026
8699832090710,MED1026
8699832090734,MED1026
8699832090758,MED1026
8699832090772,MED467
8699832090789,MED467
8699832090802,MED341
8699832090819,MED341
8699832090833,MED993
8699832090840,MED993
8699832750010,MED008
8699844090548,MED586
8699844192785,MED775
8699844242145,MED932
8699844521158,MED637
8699844521165,MED637
8699844570309,MED513
8699844570521,MED586
8699844570750,MED497
8699844571061,MED930
8699844690441,MED725
8699844690458,MED725
8699844700874,MED808
8699844704971,MED807
8699844750664,MED955
8699844750701,MED532
8699844750855,MED460
8699844770716,MED368
8699844770785,MED480
8699844771515,MED455
8699844771843,MED429
8699844791032,MED820
8699844791582,MED395
8699862950015,MED941
8699862950022,MED941
8699862950039,MED941
8699862950046,MED941
8699862950053,MED941
8699862950060,MED941
8699862950077,MED941
8699862950084,MED941
8699862950091,MED941
8699862950176,MED1056
8699976020864,MED413
8699976021373,MED224
8699976090638,MED1042
8699976090652,MED1042
8699976090676,MED1042
8699976090690,MED1042
